name,global_file,tw_global,twitter,analysis,suggestions,comment
Bremen,de-bremen.md,BremenRebellion,BremenRebellion,found_both,,"prefix to remove, current data is : https://twitter.com/@BremenRebellion - "
Cologne,de-cologne.md,CologneXr,CologneXr,found_both,,
Waveney East,gb-waveney-east.md,east_xr,east_xr,found_both,,
Brabant,nl-brabant.md,Extinct88430619,Extinct88430619,found_both,,
New Zealand,nz-new-zealand.md,extinctionnz,ExtinctionNZ,found_both,,
Germany,de-germany.md,ExtinctionR_DE,ExtinctionR_DE,found_both,"youth_xr,",
Norway,no-norway.md,ExtinctionR_NO,ExtinctionR_NO,found_both,,
Sweden,se-sweden.md,ExtinctionR_SV,ExtinctionR_SV,found_both,,
Denmark,dk-denmark.md,extinctionrdk,ExtinctionRDK,found_both,,
Oswestry,gb-oswestry.md,ExtinctionReb10,ExtinctionReb10,found_both,,
Colombia,co-colombia.md,ExtinctionRebe2,ExtinctionRebe2,found_both,,"suffix to remove, current data is : https://twitter.com/ExtinctionRebe2/ - "
Ireland,ie-ireland.md,ExtinctRebelsIE,ExtinctRebelsIE,found_both,"XRYIreland,ExtinctionI,",
Israel,il-israel.md,IsraelRebellion,IsraelRebellion,found_both,,
Milan,it-milan.md,milano_xr,milano_xr,found_both,,
Netherlands,nl-netherlands.md,nlrebellion,NLRebellion,found_both,,
The Hague,nl-the-hague.md,NLRebellion,NLRebellion,found_both,"XRTheHague,",
Shoreham-by-Sea,gb-shoreham-by-sea.md,RebellionBy,RebellionBy,found_both,,
Scotland,gb-scotland.md,ScotlandXr,ScotlandXr,found_both,"ScotlandXry,",
Stuttgart,de-stuttgart.md,StuttgartXr,StuttgartXr,found_both,,
Bayreuth,de-bayreuth.md,XR_Bayreuth,XR_Bayreuth,found_both,,
Bordeaux,fr-bordeaux.md,XR_Bordeaux,XR_Bordeaux,found_both,,
Delhi,in-delhi.md,xr_delhi,xr_delhi,found_both,"DelhiRebellion,XRDELHI,",
Dresden,de-dresden.md,xr_dresden,XR_Dresden,found_both,,
Freiburg,de-freiburg.md,XR_Freiburg,XR_Freiburg,found_both,,
Godalming,gb-godalming.md,XR_Godalming,XR_Godalming,found_both,,
Heidelberg,de-heidelberg.md,XR_Heidelberg,XR_Heidelberg,found_both,,
Kiel,de-kiel.md,xr_kiel,xr_kiel,found_both,,
Oxford,gb-oxford.md,xr_oxford,XR_Oxford,found_both,,
Avignon,fr-avignon.md,XR_paca,XR_Paca,found_both,,
Aix en Provence,fr-aix-en-provence.md,XR_paca,XR_Paca,found_both,,
Toulon,fr-toulon.md,XR_paca,XR_Paca,found_both,,
Vence,fr-vence.md,XR_paca,XR_Paca,found_both,,
Alpes Maritimes,fr-alpes-maritimes.md,XR_paca,XR_Paca,found_both,,
Marseille,fr-marseille.md,XR_paca,XR_Paca,found_both,"XR_Marseille,",
Alpes de Haute Provence,fr-alpes-de-haute-provence.md,XR_paca,XR_Paca,found_both,,
PACA,fr-paca.md,XR_paca,XR_Paca,found_both,,
Arles,fr-arles.md,XR_paca,XR_Paca,found_both,,
Montreal,ca-montreal.md,XR_Quebec,XR_Quebec,found_both,,
Ruhrgebiet,de-ruhrgebiet.md,XR_Ruhrgebiet,XR_Ruhrgebiet,found_both,,
Calgary,ca-calgary.md,XR_YYC,XR_YYC,found_both,,
Argentina,ar-argentina.md,xrargentina,XrArgentina,found_both,,
Barcelona,es-barcelona.md,XrBarcelona,XRBarcelona,found_both,,
Berlin,de-berlin.md,XRBerlin,XRBerlin,found_both,,
Bristol,gb-bristol.md,XRBristol,XRBristol,found_both,"xryouthbristol,",
Canarias,es-canarias.md,xrcanarias,XRCanarias,found_both,,
Chicago,us-chicago.md,xrchicago,XRchicago,found_both,,
Chile,cl-chile.md,xrchile,XRChile,found_both,,
Darmstadt,de-darmstadt.md,xrdarmstadt,XRDarmstadt,found_both,,
Denver,us-denver.md,XRDenver,xrdenver,found_both,,
Derby,gb-derby.md,XRDerby,XRDerby,found_both,,
Dunkerque,fr-dunkerque.md,XRDunkerque,XRDunkerque,found_both,,
Uganda,ug-uganda.md,XREA15,XREA15,found_both,"xruganda,",
Canada,ca-canada.md,xrebelcanada,xRebelCanada,found_both,,
Washington DC,us-washington-dc.md,xrebeldc,XRebelDC,found_both,,"suffix to remove, current data is : https://twitter.com/xrebeldc?lang=en - "
Austria,at-austria.md,xrebellionat,XRebellionAT,found_both,,
Newman,au-newman.md,xrebellionaus,XRebellionAus,found_both,,
Melbourne,au-melbourne.md,XRebellionAus,XRebellionAus,found_both,,
Australia,au-australia.md,xrebellionaus,XRebellionAus,found_both,"XRSouthAus,",
Caen,fr-caen.md,XRebellionCaen,XRebellionCaen,found_both,,
India,in-india.md,XRebellionInd,XRebellionInd,found_both,"IndiaRebellion,",
Los Angeles,us-los-angeles.md,XRebellionLA,XRebellionLA,found_both,,
Nancy,fr-nancy.md,XRebellionNancy,XRebellionNancy,found_both,,
United Kingdom,gb-united-kingdom.md,XRebellionUK,XRebellionUK,found_both,,
Western Australia,au-western-australia.md,xrebellionwa,XRebellionWA,found_both,,
Edmonton,ca-edmonton.md,xredmonton,xredmonton,found_both,,"suffix to remove, current data is : https://twitter.com/xredmonton/ - "
Finland,fi-finland.md,xrfinland,xrfinland,found_both,,
France,fr-france.md,xrFrance,xrFrance,found_both,,
Greenwich,gb-greenwich.md,XRGreenwich,XRGreenwich,found_both,,
Guildford,gb-guildford.md,XRGuildford,XRGuildford,found_both,,
Hannover,de-hannover.md,xrhannover,xrhannover,found_both,,
Highlands and Islands,gb-highlands-and-islands.md,XRHighlands,XRHighlands,found_both,,
Hong Kong,cn-hong-kong.md,XRHongKong,XRHongKong,found_both,,
Italy,it-italy.md,XRItaly,XrItaly,found_both,,
King's Lynn,gb-kings-lynn.md,xrkingslynn,xrkingslynn,found_both,,
Namur,be-namur.md,XRNamur,XRNamur,found_both,,
Philadelphia,us-philadelphia.md,xrphilly,xrphilly,found_both,"xryouthphilly,",
Plymouth,gb-plymouth.md,xrplymouth,xrplymouth,found_both,,
Shrewsbury,gb-shrewsbury.md,XRShrewsbury,XRShrewsbury,found_both,"XRShrewsburyWeb,xrshrewsyouth,",
Southwark,gb-southwark.md,xrsouthwark,XRSouthwark,found_both,"XRSouthwarkLib,",
Tampere,fi-tampere.md,xrtampere,xrtampere,found_both,,
Valencia,es-valencia.md,XRValencia1,XRValencia1,found_both,,"suffix to remove, current data is : https://twitter.com/XRValencia1?s=09 - "
Wandsworth,gb-wandsworth.md,XRWandsworth,XRWandsworth,found_both,,
Worcester,us-worcester.md,xrworcesterma,xrworcesterma,found_both,"WorcesterXr,",
Besançon,fr-besancon.md,ExtinctionRbel1,,global_only,"xrbesancon,",
Belgium,be-belgium.md,extinctionrebe6,,global_only,"xrybelgium,XR_Belgium,",
Roma,it-roma.md,ExtinctionRoma,,global_only,"XR_Roma,",
Peru,pe-peru.md,PeruRebellion,,global_only,,
Zaragoza,es-zaragoza.md,RebellionZgz,,global_only,"xrzaragoza,",
Qatar,qa-qatar.md,tinctionQTR,,global_only,"ExtinctionQTR,",
New Orleans,us-new-orleans.md,xr_nola,,global_only,,
Portugal,pt-portugal.md,xr_portugal,,global_only,"ExtinctionRebe4,",
SF Bay,us-sf-bay.md,XRBayArea,,global_only,"xrsfbay,",
Bogota,co-bogota.md,XRBogota,,global_only,,
Chambéry,fr-chambery.md,XRChambery,,global_only,,
Cheshire,gb-cheshire.md,XRCheshire,,global_only,,
Johannesburg,za-johannesburg.md,xrebellionza,,global_only,,
Pretoria,za-pretoria.md,xrebellionza,,global_only,,
ZA,za-za.md,xrebellionza,,global_only,"xrwinelands,XRGaliza,XRIbiza,xrzaragoza,",
Cape Town (Mzansi),za-cape-town-mzansi.md,xrebellionza,,global_only,,
Sault,ca-sault.md,XRSault,,global_only,,
Adelaide,au-adelaide.md,XrSouth,,global_only,,
Vizag,in-vizag.md,xrvizag,,global_only,,
Japan,jp-japan.md,XrXrjapan,,global_only,,
Turkey,tr-turkey.md,yokolus_isyani,,global_only,,
Pembrokeshire,gb-pembrokeshire.md,,,none,,
Isère,fr-isere.md,,,none,,
Nottingham,gb-nottingham.md,,,none,"XrNottingham,",
Belfast,gb-belfast.md,,,none,,
Machynlleth,gb-machynlleth.md,,,none,,
East Herts,gb-east-herts.md,,,none,"XREastHerts,",
Lambeth,gb-lambeth.md,,,none,"XRLambeth,",
Asturias,es-asturias.md,,,none,,
Norwich,gb-norwich.md,,,none,"NorwichXr,",
Bath,gb-bath.md,,,none,"XRBath,",
Moretonhampstead,gb-moretonhampstead.md,,,none,,
Czech Republic,cz-czech-republic.md,,,none,,
Saskatchewan,ca-saskatchewan.md,,,none,,
Lahti,fi-lahti.md,,,none,,
Taunton,gb-taunton.md,,,none,"XRTaunton,",
Rouen,fr-rouen.md,,,none,,
Tring,gb-tring.md,,,none,"XR_Tring,",
Bretagne,fr-brittany.md,,,none,,
Sheffield,gb-sheffield.md,,,none,"XRShef,",
North Devon,gb-north-devon.md,,,none,,
Veneto,it-veneto.md,,,none,,
Chester,gb-chester.md,,,none,"XRrochester,XR_Chester,ChichesterXR,WinchesterXr,xrcolchester,XR_MCR,",
Puy de Dôme / Allier,fr-puy-de-dome-allier.md,,,none,,
Islington,gb-islington.md,,,none,"XRIslington,",
Trondheim,no-trondheim.md,,,none,"XRN_Trondheim,",
Marin County,us-marin-county.md,,,none,,
Belgrade,cs-belgrade.md,,,none,,
Biel / Bienne,ch-biel-bienne.md,,,none,,
Warszawa,pl-warszawa.md,,,none,,
Sunshine Coast BC,ca-sunshine-coast-bc.md,,,none,,
Bastia,fr-bastia.md,,,none,,
Barrie,ca-barrie.md,,,none,,
Taiwan,tw-taiwan.md,,,none,,
Cork,ie-cork.md,,,none,"xr_westcork,xrcorcaigh,",
Llangollen,gb-llangollen.md,,,none,,
Sacramento,us-sacramento.md,,,none,"sac_rebel,",
Orkney,gb-orkney.md,,,none,,
Caerphilly,gb-caerphilly.md,,,none,"XRCaerphilly,",
Lewisham,gb-lewisham.md,,,none,"XRLewisham,",
Morecambe Bay,gb-morecambe-bay.md,,,none,,
York,gb-york.md,,,none,"XRYorkshire,XR_York,",
Bergerac et Ste Foy,fr-bergerac-et-ste-foy.md,,,none,,
Cape Town,za-cape-town.md,,,none,,
Aotearoa,nz-aotearoa.md,,,none,,
Brighouse & Rastrick,gb-brighouse-rastrick.md,,,none,,
Lucerne,ch-lucerne.md,,,none,,
Aude,fr-aude.md,,,none,,
Trentino,it-trentino.md,,,none,,
Australian Capital Territory,au-australian-capital-territory.md,,,none,,
Kirikiriroa Hamilton,nz-hamilton.md,,,none,,
Totnes,gb-totnes.md,,,none,"XRTotnes,",
Padova,it-padova.md,,,none,"xrpadova,",
Penwith,gb-penwith.md,,,none,,
Tournai-Antoing-Brunehaut,be-tournai-antoing-brunehaut.md,,,none,,
Hull,gb-hull.md,,,none,"xrhulluni,HullRebellion,",
Bedford,gb-bedford.md,,,none,"XRBedfordshire,",
Indigenous Solidarity,us-indigenous-solidarity.md,,,none,,
Sleaford,gb-sleaford.md,,,none,"SleafordGroup,",
Otepoti Dunedin,nz-otepoti-dunedin.md,,,none,,
Canterbury,gb-canterbury.md,,,none,"XRCanterbury,",
Flagstaff,us-flagstaff.md,,,none,,
Vendée,fr-vendee.md,,,none,,
Peak District,gb-peak-district.md,,,none,,
Newcastle,au-newcastle.md,,,none,,
Monterey County,us-monterey-county.md,,,none,,
Colchester,gb-colchester.md,,,none,"xrcolchester,",
Kington,gb-kington.md,,,none,"KingtonXr,",
Uva Province,lk-uva-province.md,,,none,,
Bologna,it-bologna.md,,,none,,
North,gb-north-uk.md,,,none,"GCXRNW,XryouthN,XRNCChapter,Northcustoms1,XRNorthampton,XR_NHerts,",
Northern Ireland,gb-northern-ireland.md,,,none,,
Wrocław,pl-wroclaw.md,,,none,,
Ardèche,fr-ardeche.md,,,none,,
Piemonte,it-piemonte.md,,,none,,
Rhode Island,us-rhode-island.md,,,none,,
Amherst,us-amherst.md,,,none,,
XR-Hiroshima,jp-hiroshima.md,,,none,,
Gothenburg,se-gothenburg.md,,,none,,
Phoenix,us-phoenix.md,,,none,"xr_phx,",
Aachen,de-aachen.md,,,none,"AachenRebellion,",
Sydney,au-sydney.md,,,none,"XRSyd,",
Kyoto,jp-kyoto.md,,,none,"KyotoRebellion,",
Liverpool,gb-liverpool.md,,,none,"XRLiverpool,",
Saint-Nazaire,fr-saint-nazaire.md,,,none,,
Seaton,gb-seaton.md,,,none,"SeatonRebellion,",
University of Warwick,gb-university-of-warwick.md,,,none,,
Tauranga,nz-tauranga.md,,,none,,
Highworth,gb-highworth.md,,,none,,
Solomon Islands,sb-solomon-islands.md,,,none,,
Cádiz,es-cadiz.md,,,none,"BroteXr,",
Preston,gb-preston.md,,,none,"XrPreston,",
Kingston,ca-kingston-ca.md,,,none,"XR_KingstonOn,KingstonXR,",
Enfield,gb-enfield.md,,,none,,
Scunthorpe,gb-scunthorpe.md,,,none,,
Pyrénées-Atlantiques,fr-pyrenees-atlantiques.md,,,none,,
Wenlock Edge Area,gb-wenlock-edge-area.md,,,none,,
Issy / Boulogne,fr-issy-boulogne.md,,,none,,
Guelph,ca-guelph.md,,,none,,
Teesside,gb-teesside.md,,,none,,
Szczecin,pl-szczecin.md,,,none,"XRSzczecin,",
New Gold,gb-new-gold.md,,,none,,
Chandigarh,in-chandigarh.md,,,none,,
Helsinki,fi-helsinki.md,,,none,,
"Halifax, NS",ca-halifax-ns.md,,,none,,
Hamburg,de-hamburg.md,,,none,"west_xr,XryouthH,xrebellion_hh,",
Boston,us-boston.md,,,none,"XRYouthBoston,",
Orléans/Loiret,fr-orleans-loiret.md,,,none,,
Vermont,us-vermont.md,,,none,,
Camden,gb-camden.md,,,none,"XRCamden,",
Lannion,fr-lannion.md,,,none,,
Morlaix,fr-morlaix.md,,,none,,
Thames Ditton,gb-thames-ditton.md,,,none,,
Bergen,no-bergen.md,,,none,,
Galway,ie-galway.md,,,none,"XRGalway,",
Richmond,us-richmond.md,,,none,"XrRichmond,xr_richmond,",
Bournemouth + Dorset,gb-bournemouth-dorset.md,,,none,,
Wigan,gb-wigan.md,,,none,,
New Brunswick,ca-new-brunswick.md,,,none,,
Frankfurt,de-frankfurt.md,,,none,"xrfrankfurt,",
Medway,gb-medway.md,,,none,,
Fredericia,dk-fredericia.md,,,none,,
Warrington,gb-warrington.md,,,none,"XRWarrington,",
Queenstown Lakes,nz-queenstown-lakes.md,,,none,,
Chennai,in-chennai.md,,,none,,
Southern Vermont,us-southern-vermont.md,,,none,,
Southampton,gb-southampton.md,,,none,"XR_Southampton,",
Cowichan,ca-cowichan.md,,,none,,
Cumbria,gb-cumbria.md,,,none,,
Isle of Man,gb-isle-of-man.md,,,none,,
Paris rive gauche,fr-paris-rive-gauche.md,,,none,,
Hampton Roads,us-hampton-roads.md,,,none,,
Łodź,pl-lodz.md,,,none,,
Wirral,gb-wirral.md,,,none,,
Somerset,gb-somerset.md,,,none,"XRYSomerset,",
Dalarna,se-dalarna.md,,,none,,
Terre et Mer XR,fr-terre-et-mer-xr.md,,,none,,
North Herts,gb-north-herts.md,,,none,"XR_NHerts,",
Potsdam,de-potsdam.md,,,none,"xr_potsdam,",
Banbury,gb-banbury.md,,,none,"XRBanbury,",
"Peterborough, ON",ca-peterborough-on.md,,,none,,
Lisbon,pt-lisbon.md,,,none,,
Grantham,gb-grantham.md,,,none,"rebelsgrantham,",
Campania,it-campania.md,,,none,,
St. Louis,us-st-louis.md,,,none,,
Aberdeen,gb-aberdeen.md,,,none,"AberdeenXr,",
Hurunui,nz-hurunui.md,,,none,,
Manitoba,ca-manitoba.md,,,none,"ExtinctionRebe7,",
Thames,nz-thames.md,,,none,"KingstonXR,xr_richmond,",
Fort William,gb-fort-william.md,,,none,,
Graz,at-graz.md,,,none,,
Norwich/UEA students,gb-norwichuea-students.md,,,none,,
Vannes,fr-vannes.md,,,none,,
Ontario,ca-ontario.md,,,none,"XR_KingstonOn,OntarioXr,",
Croydon,gb-croydon.md,,,none,"XRCroydon,",
British Columbia,ca-british-columbia.md,,,none,,
Fraser Valley,ca-fraser-valley.md,,,none,,
Nelson,nz-nelson.md,,,none,"nelson_xr,",
Reading,gb-reading.md,,,none,"XR_Reading,BrigadeReading,",
Geneva,ch-geneva.md,,,none,,
Borth,gb-borth.md,,,none,,
Venezia,it-venice.md,,,none,,
Toronto,ca-toronto.md,,,none,"XR_Toronto,",
Cardiff,gb-cardiff.md,,,none,"XRCardiffStu,RebelCardiff,XRCardiff,",
West Cornwall,gb-west-cornwall.md,,,none,,
Durham,gb-durham.md,,,none,"XrDurham,",
Stoke,gb-stoke.md,,,none,"StokeXr,",
Hereford,gb-hereford.md,,,none,"xrhereford,",
Brno,cz-brno.md,,,none,"BrnoXRRebellion,",
Edinburgh Area,gb-edinburgh-area.md,,,none,,
Lot et environs,fr-lot-et-environs.md,,,none,,
Berkhamsted,gb-berkhamsted.md,,,none,,
Luton,gb-luton.md,,,none,"XRLutonYouth,xrluton,ChirperTensing,",
West Cumbria,gb-west-cumbria.md,,,none,,
North East,gb-north-east.md,,,none,,
Seattle,us-seattle.md,,,none,"XRSeattle,",
Kilkenny,ie-kilkenny.md,,,none,,
Reigate and Redhill,gb-reigate-and-redhill.md,,,none,"XR_RandR,",
Nailsworth,gb-nailsworth.md,,,none,,
Lancaster,gb-lancaster.md,,,none,"XrLancaster,",
Amsterdam,nl-amsterdam.md,,,none,"XR_Amsterdam,",
Jura Suisse,ch-jura-suisse.md,,,none,,
Nantes,fr-nantes.md,,,none,"XRNantes,",
Gloucester,gb-gloucester.md,,,none,"XRGloucester,",
Surrey,gb-surrey.md,,,none,,
Weston-super-Mare,gb-weston-super-mare.md,,,none,"xrwsm,",
Antony-Massy,fr-antony-massy.md,,,none,,
Bacău,ro-bacau.md,,,none,,
Brest,fr-de-brest.md,,,none,,
Cheltenham,gb-cheltenham.md,,,none,"XRCheltenham,",
Tower Hamlets,gb-tower-hamlets.md,,,none,"XRTowerHamlets,",
Pittsburgh,us-pittsburgh.md,,,none,"XRPittsburgh,",
Sai Kung,cn-sai-kung.md,,,none,,
Abergavenny,gb-abergavenny.md,,,none,"XRAbergavenny,",
Lorient,fr-lorient.md,,,none,,
Kingston,gb-kingston.md,,,none,"XR_KingstonOn,KingstonXR,",
Rye,gb-rye.md,,,none,"XR_Rye,",
Iceland,is-iceland.md,,,none,,
St Ives,gb-st-ives.md,,,none,,
Saint-brieuc,fr-saint-brieuc.md,,,none,,
Southwest England,gb-southwest-england.md,,,none,,
Macclesfield,gb-macclesfield.md,,,none,"XR_Macclesfield,",
Montreuil et alentours,fr-montreuil-et-alentours.md,,,none,,
Valenciennes et Avesnois,fr-valenciennes.md,,,none,,
Romsey,gb-romsey.md,,,none,,
Tāmaki Makaurau,nz-tamaki-makaurau.md,,,none,,
North Cornwall,gb-north-cornwall.md,,,none,,
Huddersfield,gb-huddersfield.md,,,none,"xrhuddersfield,XRHudds,",
Switzerland,ch-switzerland.md,,,none,"xrSchweiz,",
Paris,fr-paris.md,,,none,,
Wells,gb-wells.md,,,none,,
Cardigan,gb-cardigan.md,,,none,,
Ann Arbor,us-ann-arbor.md,,,none,,
Fribourg,ch-fribourg.md,,,none,,
Opole,pl-opole.md,,,none,,
Carmarthenshire,gb-carmarthenshire.md,,,none,,
Walthamstow,gb-walthamstow.md,,,none,,
Bulgaria,bg-bulgaria.md,,,none,"XRBulgaria,",
Southern Indiana,us-southern-indiana.md,,,none,,
Angers,fr-angers.md,,,none,,
Exeter,gb-exeter.md,,,none,"ExeterUniXr,XRExeter,",
Poznań,pl-poznan.md,,,none,,
Wolfville,ca-wolfville.md,,,none,,
Chesham,gb-chesham.md,,,none,,
Chippenham,gb-chippenham.md,,,none,"XRChippenham,",
Penrith,gb-penrith.md,,,none,,
Leeuwarden-Friesland,nl-leeuwarden-friesland.md,,,none,,
East Chicago,us-east-chicago.md,,,none,,
Madison,us-madison.md,,,none,"XR_Madison,",
Alberta,ca-alberta.md,,,none,,
Scarborough,gb-scarborough.md,,,none,,
New York,us-new-york.md,,,none,,
La Plata,ar-la-plata.md,,,none,,
Puerto Escondido,mx-puerto-escondido.md,,,none,"XRPtoEscondido,",
Baltimore,us-baltimore.md,,,none,"XRBaltimore,",
Auvergne,fr-auvergne.md,,,none,,
Austin,us-austin.md,,,none,,
Twin Cities,us-twin-cities.md,,,none,"RebellionTwin,",
Kraków,pl-krakow.md,,,none,,
Ghent,be-ghent.md,,,none,,
Vercors,fr-vercors.md,,,none,,
Newtown,gb-newtown.md,,,none,,
Tasmania,au-tasmania.md,,,none,"ExtinctionT,",
Moldova,md-moldova.md,,,none,,
Arnhem/Nijmegen,nl-arnhemnijmegen.md,,,none,"RebellionAN,",
Greece,gr-greece.md,,,none,,
Sri Lanka,isocode-name.md,,,none,"XRebellionLK,",
Stroud,gb-stroud.md,,,none,"StroudXR,",
Wuppertal,de-wuppertal.md,,,none,"xrwuppertal,",
Shelburne,ca-shelburne.md,,,none,,
Dallas,us-dallas.md,,,none,"xr_dallas,Dallas_xr,",
Tours,fr-tours.md,,,none,,
Pays de la Loire,fr-pays-de-la-loire.md,,,none,,
Saint-Étienne,fr-saint-etienne.md,,,none,,
Bromley Borough,gb-bromley-borough.md,,,none,,
Goma,cd-goma.md,,,none,,
Romania,ro-romania.md,,,none,,
Plumstead,gb-plumstead.md,,,none,,
Russian Federation,ru-russia.md,,,none,,
Chelmsford,gb-chelmsford.md,,,none,"XRChelmsford,",
Girona,es-girona.md,,,none,"XRGirona,",
Annecy,fr-annecy.md,,,none,,
Mid-Coast,au-mid-coast.md,,,none,,
Malvern Hills,gb-malvern-hills.md,,,none,"MalvernXR,",
Nuremberg,de-nuremberg.md,,,none,,
Llanidloes,gb-llanidloes.md,,,none,,
Luxembourg,lu-luxembourg.md,,,none,,
Hackney,gb-hackney.md,,,none,"XRHackney,",
Saint-Omer et Audomarois,fr-saint-omer.md,,,none,,
Petersfield,gb-petersfield.md,,,none,"xrpetersfield,",
Kolkata,in-kolkata.md,,,none,,
Indonesia,id-indonesia.md,,,none,"XRIndonesia,",
South Africa,za-south-africa.md,,,none,"XR_SouthAfrica,",
Maastricht,nl-maastricht.md,,,none,"xr_maastricht,",
Pau Béarn,fr-pau.md,,,none,,
Boise,us-boise.md,,,none,,
Reims,fr-reims.md,,,none,,
Dijon,fr-dijon.md,,,none,,
Lausanne,ch-lausanne.md,,,none,"xrlausanne,",
Neath Port Talbot,gb-neath-port-talbot.md,,,none,"XRNPT,",
Mumbai,in-mumbai.md,,,none,"RmumbaiX,",
Madrid,es-madrid.md,,,none,,
Birmingham,gb-birmingham.md,,,none,"xrbham,",
Bradford,gb-bradford.md,,,none,"XRBradford,",
Olomouc,cz-olomouc.md,,,none,,
Auvergne-Rhône-Alpes,fr-auvergne-rhone-alpes.md,,,none,,
Montana,us-montana.md,,,none,,
Brisbane,au-brisbane.md,,,none,,
Bury Saint Edmunds,gb-bury-saint-edmunds.md,,,none,,
Purbeck,gb-purbeck.md,,,none,"XRPurbeck,",
United States,us-united-states.md,,,none,,
Bhopal,in-bhopal.md,,,none,,
Ciudad Real,es-ciudad-real.md,,,none,,
Rotterdam,nl-rotterdam.md,,,none,"XR_Rotterdam,",
Niederösterreich,at-niederosterreich.md,,,none,,
London Universities,gb-london-universities.md,,,none,"ExtinctionU,",
South Galway,ie-south-galway.md,,,none,,
Guwahati,in-guwahati.md,,,none,,
Mauritius,mu-mauritius.md,,,none,,
St Albans,gb-st-albans.md,,,none,"XR_StAlbans,",
Dundee,gb-dundee.md,,,none,"XRDundee,",
Sevenoaks,gb-sevenoaks.md,,,none,"xr_sevenoaks,",
Wales,gb-wales.md,,,none,"GCXRNW,ExtinctionW,",
Wairarapa,nz-wairarapa.md,,,none,,
"Lunenburg, NS",ca-lunenburg-ns.md,,,none,,
Utrecht,nl-utrecht.md,,,none,"XRUtrecht,",
Bracknell,gb-bracknell.md,,,none,"group_xr,",
south East Cornwall,gb-south-east-cornwall.md,,,none,,
Henley-on-Thames,gb-henley-on-thames.md,,,none,,
Knighton,gb-knighton.md,,,none,,
Bridport,gb-bridport.md,,,none,,
Auxerre/Yonne,fr-auxerre-yonne.md,,,none,,
Santiago,cl-santiago.md,,,none,"XR_Santiago,xr_scl,",
Leuven,be-leuven.md,,,none,"LeuvenRebellion,",
Poland,pl-poland.md,,,none,,
Innsbruck,at-innsbruck.md,,,none,,
Doncaster,gb-doncaster.md,,,none,,
Central Switzerland,ch-central-switzerland.md,,,none,,
Calderdale,gb-calderdale.md,,,none,"XRCalderdale,",
Oxford Students,gb-oxford-students.md,,,none,,
Lombardia,it-lombardia.md,,,none,,
Havering,gb-havering.md,,,none,"XHavering,XRHavering,",
Giessen,de-giessen.md,,,none,,
Philippines,ph-philippines.md,,,none,,
Brighton,gb-brighton.md,,,none,"XRBrighton,",
Fécamp,fr-fecamp.md,,,none,,
Groningen,nl-groningen.md,,,none,"xrgroningen,",
Hertfordshire,gb-hertfordshire.md,,,none,,
Prince Edward Island,ca-prince-edward-island.md,,,none,,
Klagenfurt,at-klagenfurt.md,,,none,,
Warsaw,pl-warsaw.md,,,none,,
Saint Andrews,gb-saint-andrews.md,,,none,,
Plaine de l'Ain,fr-plaine-de-lain.md,,,none,,
Skåne,se-skane.md,,,none,,
Toulouse,fr-toulouse.md,,,none,,
Spain,es-spain.md,,,none,"EsXrebellion,",
Sicilia,it-sicilia.md,,,none,,
Pakistan,pk-pakistan.md,,,none,"xrpakistan,",
Laramie,us-laramie.md,,,none,,
Stratford-upon-Avon,gb-stratford-upon-avon.md,,,none,"XRStratford,",
Sutton,gb-sutton.md,,,none,"XRSutton,",
Barnet,gb-barnet.md,,,none,"BarnetXR,",
Ely,gb-ely.md,,,none,,
South Lakes,gb-south-lakes.md,,,none,"XRSL4,",
Winchester,gb-winchester.md,,,none,"WinchesterXr,",
Hawaii,us-hawaii.md,,,none,,
Gotland,se-gotland.md,,,none,,
Périgueux,fr-perigueux.md,,,none,,
Winelands,za-winelands.md,,,none,"xrwinelands,",
East Suffolk and Ipswich,gb-east-suffolk-and-ipswich.md,,,none,,
Slovakia,sk-slovakia.md,,,none,,
West Africa,bf-west-africa.md,,,none,,
Newport,gb-newport.md,,,none,"XR_Newport,",
Nova Scotia,ca-nova-scotia.md,,,none,,
Orlando,us-orlando.md,,,none,,
Halifax,gb-halifax.md,,,none,,
Les Lilas,fr-les-lilas.md,,,none,,
Estonia,ee-estonia.md,,,none,,
Crawley,gb-crawley.md,,,none,,
Karlsruhe,de-karlsruhe.md,,,none,,
Brazil,br-brazil.md,,,none,,
Leeds,gb-leeds.md,,,none,"leedsliberation,ExtinctionRLds,XRLeeds,",
Tarn,fr-tarn.md,,,none,,
Strasbourg,fr-strasbourg.md,,,none,"XR_Strasbourg,",
Hyderabad,in-hyderabad.md,,,none,,
Southend-on-Sea,gb-southend-on-sea.md,,,none,,
Paris nord seine / Rive droite,fr-paris-nord-seine-rive-droite.md,,,none,,
Aylesbury,gb-aylesbury.md,,,none,"XR_Aylesbury,",
Shaftesbury,gb-shaftesbury.md,,,none,,
Örebro,se-orebro.md,,,none,,
North West Kent,gb-north-west-kent.md,,,none,,
Manchester,gb-manchester.md,,,none,"XR_MCR,",
Antigonish,ca-antigonish.md,,,none,,
South West Australia,au-bunbury.md,,,none,,
Värmland,se-varmland.md,,,none,,
Pays basque,fr-pays-basque.md,,,none,,
Shetland,gb-shetland.md,,,none,,
Leeds Students,gb-leeds-students.md,,,none,,
Bucharest,ro-bucharest.md,,,none,,
Caspe y Maella,es-caspe-maella.md,,,none,,
Munich,de-munich.md,,,none,"MucRebellion,",
Goa,in.goa.md,,,none,"xr_goa,",
Chichester,gb-chichester.md,,,none,"ChichesterXR,",
Hastings,gb-hastings.md,,,none,"XRHSL,",
Atlanta,us-atlanta.md,,,none,"xrebelatl,",
Brecon,gb-brecon.md,,,none,"BreconXr,",
Neuchâtel,ch-neuchatel.md,,,none,,
Riga,lv-riga.md,,,none,"redrebelbrigade,BrigadeReading,",
Montpellier,fr-montpellier.md,,,none,,
Bury,gb-bury.md,,,none,"XRCharlbury,XRShrewsburyWeb,xrshrewsyouth,XR_Aylesbury,XRDidsbury,SalisburyXR,XR_BSE,XRCanterbury,XRBanbury,XR_Newbury,",
Ukraine,ua-ukraine.md,,,none,,
Carlisle,gb-carlisle.md,,,none,,
Visby,se-visby.md,,,none,,
Vsa,fi-vsa.md,,,none,,
Dorchester and Weymouth,gb-dorchester-and-weymouth.md,,,none,,
Eugene,us-eugene.md,,,none,"xr_eugene,",
Rugby,gb-rugby.md,,,none,"RugbyXR,",
Devizes,gb-devizes.md,,,none,"XRDevizesMarl,",
Zürich,ch-zurich.md,,,none,"XRZurich,",
Central Coast,au-central-coast.md,,,none,,
Ashford,gb-ashford.md,,,none,,
Pune,in-pune.md,,,none,"PuneRebellion,",
Granada,es-granada.md,,,none,"XRGranada,",
Western Massachusetts,us-western-massachusetts.md,,,none,,
Guingamp,fr-guingamp.md,,,none,,
Bellingham,us-bellingham.md,,,none,,
Angoulême,fr-angouleme.md,,,none,,
South Korea,kr-south-korea.md,,,none,,
Gdańsk,pl-gdansk.md,,,none,,
Galiza,es-galiza.md,,,none,"XRGaliza,",
Poitiers,fr-poitiers.md,,,none,,
Pen-llyn,gb-pen-llyn.md,,,none,,
Sunderland,gb-sunderland.md,,,none,,
Tampa Bay,us-tampa-bay.md,,,none,,
Northampton,gb-northampton.md,,,none,"XRNorthampton,",
Pantin,fr-pantin.md,,,none,,
Frome,gb-frome.md,,,none,"ExtinctionF,",
Konstanz,de-konstanz.md,,,none,"XRKonstanz,",
Indians,in-indians.md,,,none,,
Bonn,de-bonn.md,,,none,"BonnXr,",
Oberösterreich,at-oberosterreich.md,,,none,,
"London, Ontario",ca-london-ontario.md,,,none,,
Trójmiasto,pl-trojmiasto.md,,,none,,
Thanet,gb-thanet.md,,,none,"XR_Thanet,",
Colorado,us-colorado.md,,,none,,
Glastonbury,gb-glastonbury.md,,,none,,
Leipzig,de-leipzig.md,,,none,"XRLeipzig,",
Hillingdon,gb-hillingdon.md,,,none,"XRHillingdon_,",
Mexico City,mx-mexico-city.md,,,none,,
Leicester,gb-leicester.md,,,none,"XrLeicester,",
Uppsala,se-uppsala.md,,,none,,
Miami,us-miami.md,,,none,"MiamiRebellion,",
Haliburton,ca-haliburton.md,,,none,,
Metz,fr-metz-nancy.md,,,none,"XRMetz,",
Lancashire,gb-lancashire.md,,,none,"XR_Lancashire,",
Vallee Drôme / Crest,fr-vallee-drome.md,,,none,,
Ghana,gh-ghana.md,,,none,,
Buenos Aires,ar-buenos-aires.md,,,none,,
Durban,za-durban.md,,,none,,
University Of Glasgow,gb-university-of-glasgow.md,,,none,,
Lille,fr-lille.md,,,none,,
Lismore,au-lismore.md,,,none,,
Perpignan,fr-perpignan.md,,,none,,
Quebec,ca-quebec.md,,,none,"XRQUEBEC,",
Bloomington,us-bloomington.md,,,none,,
Ludlow & Leominster,gb-ludlow-leominster.md,,,none,,
Wageningen,nl-wageningen.md,,,none,"XRWageningen,",
Paris Est,fr-paris-est.md,,,none,,
Glasgow,gb-glasgow.md,,,none,,
Telford,gb-telford.md,,,none,,
Howe Sound,ca-howe-sound.md,,,none,,
Boucles de Seine Nord,fr-boucles-de-seine-nord.md,,,none,,
Manawatu,nz-manawatu.md,,,none,,
Jersey,gb-jersey.md,,,none,"xr_new,",
Pōneke,nz-poneke.md,,,none,,
Carcassonne Narbonne Limoux,fr-carcassonne-narbonne-limoux.md,,,none,,
South Somerset,gb-south-somerset.md,,,none,,
"Grand Rapids, MI",us-grand-rapids-mi.md,,,none,,
Joensuu,fi-joensuu.md,,,none,,
La Rochelle,fr-la-rochelle.md,,,none,,
Ibiza,es-ibiza.md,,,none,"XRIbiza,",
Mainz,de-mainz.md,,,none,"XrMainz,",
Toscana,it-toscana.md,,,none,,
Isle of Wight,gb-isle-of-wight.md,,,none,"xriow,",
Quimper,fr-quimper.md,,,none,,
LUC students,nl-luc-students.md,,,none,,
Antwerp,be-antwerp.md,,,none,"XRAntwerp,",
Lewes,gb-lewes.md,,,none,"XrLewes,",
Tatamagouche,ca-tatamagouche.md,,,none,,
Forest of Dean,gb-forest-of-dean.md,,,none,"dean_xr,",
IDF,fr-idf.md,,,none,,
Cape Breton,ca-cape-breton.md,,,none,,
Hamilton,ca-hamilton.md,,,none,"XRHamont,",
"Bridgewater, NS",ca-bridgewater-ns.md,,,none,,
Milton Keynes,gb-milton-keynes.md,,,none,,
Vancouver,ca-vancouver.md,,,none,"XRVancouverBC,",
Hungary,hu-hungary.md,,,none,,
Amiens,fr-amiens.md,,,none,,
Kassel,de-kassel.md,,,none,"XR_Kassel,",
Cornwall,gb-cornwall.md,,,none,"xr_cornwall,BonesUK,xryouthcornwall,CornwallXr,XrWest,",
Hailsham,gb-hailsham.md,,,none,,
Lyon/Rhône,fr-lyon-rhone.md,,,none,,
Porto,pt-porto.md,,,none,,
Montauban,fr-montauban.md,,,none,,
Far North Queensland,au-far-north-queensland.md,,,none,,
Kerala,in-kerala.md,,,none,,
North Wales,gb-north-wales.md,,,none,"GCXRNW,",
Odisha,in-odisha.md,,,none,"OdishaXr,",
Bern,ch-bern.md,,,none,,
Christchurch,nz-christchurch.md,,,none,,
Stirling,gb-stirling.md,,,none,"XrStirling,",
Kansas City,us-kansas-city.md,,,none,,
Swansea,gb-swansea.md,,,none,"xrswansea,",
Denmark Kwoorabup,au-denmark.md,,,none,,
Hasselt,be-hasselt.md,,,none,,
Lincolnshire,gb-lincolnshire.md,,,none,"XRLincolnshire,",
Kent,gb-kent.md,,,none,"ExtinctionRKent,xrkentcounty,",
Monterrey,mx-monterrey.md,,,none,,
Pyrénées Orientales,fr-pyrenees-orientales.md,,,none,,
China,cn-china.md,,,none,,
Mons / Borinage,be-mons-borinage.md,,,none,,
Marlow,gb-marlow.md,,,none,"XrMarlow,",
Haringey,gb-haringey.md,,,none,"XRHaringey,",
Mallorca,es-mallorca.md,,,none,"XRMallorca,",
Bangalore,in-bangalore.md,,,none,,
Bruton,gb-bruton.md,,,none,,
Le Havre,fr-le-havre.md,,,none,,
Vancouver Island,ca-vancouver-island.md,,,none,,
Rennes,fr-rennes.md,,,none,"xrRennes,",
Delft,nl-delft.md,,,none,,
Portsmouth,gb-portsmouth.md,,,none,"XRPortsmouth,",
Portland,us-portland.md,,,none,,
Le Mans,fr-le-mans.md,,,none,,
Ottawa,ca-ottawa.md,,,none,"XROttawa,",
Viroqua,us-viroqua.md,,,none,,
Swindon,gb-swindon.md,,,none,"SwindonXR,XRSwindon,",
CBU,ca-cbu.md,,,none,,
Dublin,ie-dublin.md,,,none,,
Quito,ec-ecuador.md,,,none,,
Aberystwyth,gb-aberystwyth.md,,,none,"AberystwythXr,",
Kensington and Chelsea,gb-kensington-and-chelsea.md,,,none,,
Byron Bay,au-byron-bay.md,,,none,,
Dorking,gb-dorking.md,,,none,"xrdorking,",
Minneapolis/St Paul,us-minneapolisst-paul.md,,,none,,
West Midlands,gb-west-midlands.md,,,none,,
Cambridge,gb-cambridge.md,,,none,"xryouthcambs,xr_cambridge,",
Peterborough,gb-peterborough.md,,,none,"XRPeterborough,",
Almería,es-almeria.md,,,none,,
Salisbury,gb-salisbury.md,,,none,"SalisburyXR,",
Mexico,mx-mexico.md,,,none,,
Vendôme,fr-vendome.md,,,none,,
Anacortes,us-anacortes.md,,,none,,
Kyushu,jp-kyushu.md,,,none,,
Waihi,nz-waihi.md,,,none,,
Leiden University,nl-leiden-university.md,,,none,,
Martigny,ch-martigny.md,,,none,,
Dinan,fr-dinan.md,,,none,,
Clare,ie-clare.md,,,none,,
Liguria,it-liguria.md,,,none,,
Ashdown Forest,gb-ashdown-forest.md,,,none,,
Central Kentucky,us-central-kentucky.md,,,none,,
Salt Lake City,us-salt-lake-city.md,,,none,,
Valais,ch-valais.md,,,none,,
ВосстаниепротивВымирания_Катя,,,0FcJ6uO6D0mIUYw,twitter_only,,
Extinction Rebellion A2,,,A2Extinction,twitter_only,,
Extinction Rebellion Aachen,,,AachenRebellion,twitter_only,,
Extinction Rebellion Aberdeen,,,AberdeenXr,twitter_only,,
XR Aberystwyth,,,AberystwythXr,twitter_only,,
XR Abingdon 🌍,,,AbingdonXr,twitter_only,,
Acción Climática México,,,aclimaticamx,twitter_only,,
XRAether,,,AetherXr,twitter_only,,
Amplify Extinction Rebellion,,,AmplifyXR,twitter_only,,
XR Andover,,,AndoverXr,twitter_only,,
Animal Rebellion Houston,,,AnimalRebelsHTX,twitter_only,,
Extinction Rebellion Antifa ❨ⴵ❩,,,AntifaRebellion,twitter_only,,
Animal Rebellion Koeln,,,AR_Koeln,twitter_only,,
@ArchitectsForXr,,,architectsforxr,twitter_only,,
Extinction Rebellion Arctic - Alta,,,ArcticAlta,twitter_only,,
Barnet XR (Extinction Rebellion Barnet NW London),,,BarnetXR,twitter_only,,
ExtinctionRebellionBham,,,BhamRebellion,twitter_only,,
Extinction Rebellion Bochum,,,BochumXr,twitter_only,,
⧖ XR Cornwall ⧖,,,BonesUK,twitter_only,,
XR Bonn,,,BonnXr,twitter_only,,
XR Boycott Fashion,,,boycottfashion,twitter_only,,
XRBrecon,,,BreconXr,twitter_only,,
XR Reading Red Rebel Brigade ❌,,,BrigadeReading,twitter_only,,
Extinction Rebellion Brno,,,BrnoXRRebellion,twitter_only,,
XR Bromley,,,BromleyExtinctR,twitter_only,,
El Brote XR- Extinction Rebellion Cádiz,,,BroteXr,twitter_only,,
El Brote-XR Huelva • Extinction Rebellion,,,broteXRhuelva,twitter_only,,
Extinction Rebellion - Bute,,,ButeRebellion,twitter_only,,
Christian Climate Action,,,CClimateAction,twitter_only,,
Extinction Rébellion Biarritz,,,ChevryLoren,twitter_only,,
Extinction Rebellion Chichester,,,ChichesterXR,twitter_only,,
Extinction Rebellion Luton,,,ChirperTensing,twitter_only,,
XR UK Citizens’ Assembly Working Group,,,CitizensXr,twitter_only,,
XR Youth Columbus,,,columbus_xr,twitter_only,,
XRCornwall,,,CornwallXr,twitter_only,,
XRDallas (⧖),,,Dallas_xr,twitter_only,,
XR Forest of Dean,,,dean_xr,twitter_only,,
Extinction Rebellion Delhi,,,DelhiRebellion,twitter_only,,
Designers For XR,,,DesignersForXR,twitter_only,,
Designers for XR,,,DesignersXR,twitter_only,,
Doctors for XR,,,DoctorsXr,twitter_only,,
Dogs of XR,,,DogsOfXR,twitter_only,,
Extinction Rebellion Dortmund,,,DortmundXr,twitter_only,,
XREngineers,,,EngineersXr,twitter_only,,
XR_england,,,england_xr,twitter_only,,
Extinction Rebellion Spain,,,EsXrebellion,twitter_only,,
Exeter Uni XR,,,ExeterUniXr,twitter_only,,
Extinction Rebellion,,,ExtincRebelPA,twitter_only,,
Extinction Rebellion Wokingham,,,Extinct25140364,twitter_only,,
Extinction Rebellion Africa,,,extinct81983563,twitter_only,,
Extinction Rebellion Dacorum,,,ExtinctionD,twitter_only,,
Extinction Rebellion Frome,,,ExtinctionF,twitter_only,,
Extinctionhk,,,extinctionhk,twitter_only,,
Extinction Rebellion Ireland,,,ExtinctionI,twitter_only,,
Extinction Rebellion Qatar,,,ExtinctionQTR,twitter_only,,
Extinction Rebellion,,,ExtinctionR,twitter_only,,
Extinction Crisis MT 🌎⌛️,,,ExtinctionR_MT,twitter_only,,
Extinction Rebellion Paderborn,,,ExtinctionReb19,twitter_only,,
Extinction Rebellion Wrexham,,,ExtinctionReb20,twitter_only,,
Extinction Rebellion Portugal,,,ExtinctionRebe4,twitter_only,,
ExtinctionRebellionManitoba,,,ExtinctionRebe7,twitter_only,,
Extinction Rebellion Ⓧ U.S.,,,ExtinctionRebel,twitter_only,,
Extinction Rebellion Guernsey,,,ExtinctionRGsy,twitter_only,,
Extinction Rebellion Kent,,,ExtinctionRKent,twitter_only,,
ExtinctionRLeeds,,,ExtinctionRLds,twitter_only,,
extinction rebellion Tasmania,,,ExtinctionT,twitter_only,,
Extinction Rebellion London Universities,,,ExtinctionU,twitter_only,,
Extinction Rebellion SW Wales/DeOrllewin Cymru,,,ExtinctionW,twitter_only,,
Extinction Rebellion RI 🌱,,,ExtinctRebelRI,twitter_only,,
Extinction Symbol,,,extinctsymbol,twitter_only,,
XR Farnham ⧖,,,FarnhamXr,twitter_only,,
XR Filmmakers,,,FilmmakersXr,twitter_only,,
Flavia B.,,,FlaBroffoni,twitter_only,,
Gogledd Cymru Extinction Rebellion North Wales,,,GCXRNW,twitter_only,,
Greifswald Rebellion,,,GreifswaldXR,twitter_only,,
Extinction Rebellion Bracknell Group,,,group_xr,twitter_only,,
Hordago,,,Hordago_org,twitter_only,,
Extinction Rebellion Hull,,,HullRebellion,twitter_only,,
Extinction Rebellion India,,,IndiaRebellion,twitter_only,,
Satelliteです,,,japan_xr,twitter_only,,
Kingston upon Thames #ExtinctionRebellion,,,KingstonXR,twitter_only,,
KingtonXR,,,KingtonXr,twitter_only,,
Extinction Rebellion Koblenz,,,KoblenzXR,twitter_only,,
Extinction Rebellion Kyoto,,,KyotoRebellion,twitter_only,,
XR Liberation Leeds,,,leedsliberation,twitter_only,,
Extinction Rebellion Leuven,,,LeuvenRebellion,twitter_only,,
XRLleida,,,LleidaXr,twitter_only,,
Extinction Rebellion LV ⧖Rebel4Life⧖,,,LvRebellion,twitter_only,,
Extinction Rebellion Maine,,,MaineRebellion,twitter_only,,
Extinction Rebellion Málaga,,,MalagaRebellion,twitter_only,,
XR Malvern Hills 🌳🦋🦉,,,MalvernXR,twitter_only,,
XR Mannheim,,,MannheimXr,twitter_only,,
Youth Extinction Rebellion MCR,,,MCRyouthRebels,twitter_only,,
MediXR,,,medi_xr,twitter_only,,
Extinction Rebellion Miami,,,MiamiRebellion,twitter_only,,
Extinction Rebellion Munich,,,MucRebellion,twitter_only,,
XRNelsonNZ,,,nelson_xr,twitter_only,,
Northcustoms,,,Northcustoms1,twitter_only,,
XRNorwich,,,NorwichXr,twitter_only,,
NursesForXR,,,NursesXr,twitter_only,,
October Rebellion - Beyond Politics,,,october_beyond,twitter_only,,
XROdisha,,,OdishaXr,twitter_only,,
Extinction Rebellion Ontario,,,OntarioXr,twitter_only,,
Extinction Rebellion Victoria,,,OzRebellion,twitter_only,,
Extinction Rebellion Pune,,,PuneRebellion,twitter_only,,
Rainbow Rebellion,,,RainbowRebels,twitter_only,,
XReastbourne,,,ReastbourneX,twitter_only,,
Cardiff Extinction Rebel,,,RebelCardiff,twitter_only,,
Extinction Rebellion - Arnhem/Nijmegen,,,RebellionAN,twitter_only,,
"Extinction Rebellion Sunshine Coast, BC",,,RebellionBc,twitter_only,,
Extinction Rebellion - BZH,,,RebellionClimat,twitter_only,,
ExtinctionRebellionND,,,RebellionNd,twitter_only,,
Extinction Rebellion Portishead & Pill,,,RebellionPill,twitter_only,,
Extinction Rebellion SOAS,,,RebellionSoas,twitter_only,,
Extinction Rebellion Twin Cities (XRTC),,,RebellionTwin,twitter_only,,
Wee Rebellion,,,RebellionWee,twitter_only,,
Extinction Rebellion Rebel Ringers,,,RebelRingersXR,twitter_only,,
Animal Rebellion,,,RebelsAnimal,twitter_only,,
Extinction Rebellion Grantham,,,rebelsgrantham,twitter_only,,
Rebel·lió o Extinció Gramenet,,,RebExtGramenet,twitter_only,,
Red Rebel Brigade,,,redrebelbrigade,twitter_only,,
XR Newsletter Regional Coordinator,,,RegionalXr,twitter_only,,
Regultija contra la destinción,,,regultija,twitter_only,,
XR Rebel Riders South Central UK (⧖),,,riders_uk,twitter_only,,
XRmumbai,,,RmumbaiX,twitter_only,,
Extinction Rebellion Rugby,,,RugbyXR,twitter_only,,
XR Sacramento,,,sac_rebel,twitter_only,,
Extinction Rebellion Salisbury 🌍,,,SalisburyXR,twitter_only,,
Save our planet - Amstelveen,,,Saveourplanet99,twitter_only,,
ScientistsForXR,,,ScientistsX,twitter_only,,
XR Youth Scotland,,,ScotlandXry,twitter_only,,
Extinction Rebellion Scranton,,,ScrantonXR,twitter_only,,
Extinction Rebellion Seaton & Axe Valley,,,SeatonRebellion,twitter_only,,
Extinction Rebellion Sleaford Group,,,SleafordGroup,twitter_only,,
XR South East England 🌏,,,SouthEastXR,twitter_only,,
XR SSM,,,ssm_xr,twitter_only,,
XRSouthStaffs,,,SStaffs_XR,twitter_only,,
Staines XR,,,Staines_XR,twitter_only,,
XR Stockholm,,,StockholmXr,twitter_only,,
Extinction Rebellion Youth Stockholm,,,StockholmXry,twitter_only,,
XR Stoke,,,StokeXr,twitter_only,,
XR-Stroud,,,StroudXR,twitter_only,,
Suits & Ties for XR,,,SuitsAndTies4XR,twitter_only,,
Extinction Rebellion Swindon,,,SwindonXR,twitter_only,,
Magyiana,,,sziabellaciao,twitter_only,,
XRTazzy,,,TazzyXr,twitter_only,,
XR UEA,,,UEAXR,twitter_only,,
extinction rebellion norfolk uk,,,UkExtinction,twitter_only,,
XR_Vigo,,,VigoXr,twitter_only,,
Anthropocène,,,volCeho,twitter_only,,
Extinction Rebellion Washington Heights Inwood,,,WahiXr,twitter_only,,
Extinction Rebellion Warwick University,,,warwickunixr,twitter_only,,
XR Hamburg- West,,,west_xr,twitter_only,,
XRWinchester,,,WinchesterXr,twitter_only,,
WokingXR,,,WokingXr,twitter_only,,
XR Worcester 🌍,,,WorcesterXr,twitter_only,,
XR Team K,,,x_rtk,twitter_only,,
XR_Barnstorf,,,XBarnstorf,twitter_only,,
XR Dartford,,,XDartford,twitter_only,,
XR Göteborg,,,XGoteborg,twitter_only,,
XrYouthHavering,,,XHavering,twitter_only,,
XR LGBTQI+,,,XLgbtqi,twitter_only,,
XR3.5,,,XR3_5,twitter_only,,
Extinction Rebellion NI,,,xr__ni,twitter_only,,
Extinction Ⓧ Rebellion La Alpujarra,,,XR_Alpujarra,twitter_only,,
Extinction Rebellion Amsterdam,,,XR_Amsterdam,twitter_only,,
XR Araba,,,XR_Araba,twitter_only,,
Extinction Rebellion Atacama,,,XR_Atacama,twitter_only,,
Aufstand gegen das Aussterben #RebelForLife,,,XR_Aufstand,twitter_only,,
Extinction Rebellion Aylesbury Vale,,,XR_Aylesbury,twitter_only,,
Extinction Rebellion Belgium,,,XR_Belgium,twitter_only,,
Extinction Rebellion Bielefeld (ⴵ),,,XR_Bielefeld,twitter_only,,
Extinction Rebellion Bury St Edmunds,,,XR_BSE,twitter_only,,
xr_btv,,,xr_btv,twitter_only,,
XR Cambridge,,,xr_cambridge,twitter_only,,
Extinction Rebellion Chester,,,XR_Chester,twitter_only,,
XR-Chor,,,XR_Chor,twitter_only,,
Extinction Rebellion Cornwall,,,xr_cornwall,twitter_only,,
XR Dallas,,,xr_dallas,twitter_only,,
Extinction Rebellion Düsseldorf,,,XR_Duesseldorf,twitter_only,,
Extinction Rebellion Duisburg,,,XR_Duisburg,twitter_only,,
XREastMidlands,,,xr_east,twitter_only,,
xr_eberswalde,,,xr_eberswalde,twitter_only,,
XR Erlangen,,,XR_Erlangen,twitter_only,,
Extinction Rebellion Essen,,,XR_Essen,twitter_only,,
Extinction Rebellion Essex,,,XR_Essex,twitter_only,,
Extinction Rebellion Eugene,,,xr_eugene,twitter_only,,
Extinction Rebellion Flensburg (⧖),,,XR_Flensburg,twitter_only,,
Extinction Rebellion Fürth,,,XR_Fuerth,twitter_only,,
Extinction Rebellion Furness ⏳,,,XR_Furness,twitter_only,,
XR Future,,,XR_Future,twitter_only,,
Extinction Rebellion Gauteng,,,XR_Gauteng,twitter_only,,
Extinction Rebellion Goa,,,xr_goa,twitter_only,,
Extinction Rebellion Göttingen,,,XR_Goettingen,twitter_only,,
XR Halle,,,XR_Halle,twitter_only,,
Extinction Rebellion Hammersmith & Fulham ⌛️,,,XR_Hamm_Fulham,twitter_only,,
XR Hildesheim,,,XR_Hildesheim,twitter_only,,
XR Imperial College,,,XR_Imperial,twitter_only,,
Extinction Rebellion Iserlohn,,,XR_Iserlohn,twitter_only,,
Extinction Rebellion Kassel,,,XR_Kassel,twitter_only,,
Extinction Rebellion Kensington & Chelsea 🍃,,,xr_kensington,twitter_only,,
"Extinction Rebellion Kingston, Ontario",,,XR_KingstonOn,twitter_only,,
멸종저항 Extinction Rebellion Korea,,,XR_Korea,twitter_only,,
Extinction Rebellion Lancashire,,,XR_Lancashire,twitter_only,,
XRNYC Lower EastSide,,,XR_LES,twitter_only,,
XR Ludwigsburg 🇪🇺,,,XR_Ludwigsburg,twitter_only,,
Extinction Rebellion Luebeck,,,XR_luebeck,twitter_only,,
Extinction Rebellion Lyon,,,xr_lyon,twitter_only,,
xrmaastricht,,,xr_maastricht,twitter_only,,
Extinction Rebellion Macclesfield,,,XR_Macclesfield,twitter_only,,
Extinction Rebellion Madison,,,XR_Madison,twitter_only,,
Extinction Rebellion Marburg,,,xr_marburg,twitter_only,,
Extinction Rebellion Marseille,,,XR_Marseille,twitter_only,,
Extinction Rebellion Manchester,,,XR_MCR,twitter_only,,
Extinction Rebellion XR Mty,,,xr_mty,twitter_only,,
Extinction Rebellion New Jersey,,,xr_new,twitter_only,,
Extinction Rebellion Newbury ⏳🌎,,,XR_Newbury,twitter_only,,
Extinction Rebellion Newham,,,XR_Newham,twitter_only,,
XR_Newport,,,XR_Newport,twitter_only,,
Extinction Rebellion North Herts,,,XR_NHerts,twitter_only,,
Extinction Rebellion Nürnberg,,,XR_Nuernberg,twitter_only,,
Extinction Rebellion NYC 🌎,,,XR_NYC,twitter_only,,
Extinction Rebellion Osnabrück,,,xr_osnabrueck,twitter_only,,
Extinction Rebellion Ourense,,,XR_Ourense,twitter_only,,
Extinction Rebellion PDX,,,XR_PDX,twitter_only,,
Extinction Rebellion Pforzheim,,,XR_Pforzheim,twitter_only,,
Extinction Rebellion Phoenix,,,xr_phx,twitter_only,,
Extinction Rebellion Potsdam,,,xr_potsdam,twitter_only,,
XR Rajasthan,,,XR_Rajasthan,twitter_only,,
Extinction Rebellion Reigate and Redhill,,,XR_RandR,twitter_only,,
Extinction Rebellion Reading,,,XR_Reading,twitter_only,,
XR 📻 Rebel Radio,,,xr_rebelradio,twitter_only,,
XR Richmond-upon-Thames,,,xr_richmond,twitter_only,,
XR Roma,,,XR_Roma,twitter_only,,
Extinction Rebellion Rotterdam,,,XR_Rotterdam,twitter_only,,
Extinction Rebellion central NJ & Rutgers U.,,,XR_Rutgers,twitter_only,,
Extinction Rebellion Rye,,,XR_Rye,twitter_only,,
@XR_SaintEtienne,,,XR_SaintEtienne,twitter_only,,
Extinction Rebellion Santiago,,,XR_Santiago,twitter_only,,
XR Santiago,,,xr_scl,twitter_only,,
Extinction Rebellion South East Queensland,,,xr_seq,twitter_only,,
XR Sevenoaks,,,xr_sevenoaks,twitter_only,,
XR South Africa,,,XR_SouthAfrica,twitter_only,,
Extinction Rebellion Southampton,,,XR_Southampton,twitter_only,,
Extinction Rebellion St Albans,,,XR_StAlbans,twitter_only,,
Extinction Rebellion Strasbourg,,,XR_Strasbourg,twitter_only,,
XR Sustenance,,,XR_Sustenance,twitter_only,,
XRTechStaging,,,xr_tech,twitter_only,,
XR Thanet,,,XR_Thanet,twitter_only,,
Extinction Rebellion Thüringen,,,XR_Thueringen,twitter_only,,
Extinction Rebellion Tokyo,,,XR_Tokyo,twitter_only,,
Extinction Rebellion Toronto,,,XR_Toronto,twitter_only,,
XR UK - Trade Unions,,,xr_TradeUnions,twitter_only,,
Extinction Rebellion Tring,,,XR_Tring,twitter_only,,
Extinction Rebellion Tucson,,,xr_tucson,twitter_only,,
Extinction Rebellion Vic,,,XR_Vic,twitter_only,,
Extinction Rebellion Watford,,,XR_Watford,twitter_only,,
Extinction Rebellion Weimar,,,XR_Weimar,twitter_only,,
Extinction Rebellion West Cork,,,xr_westcork,twitter_only,,
Extinction Rebellion Western Mass,,,XR_WestMass,twitter_only,,
ExtinctionRebellion Wiesbaden,,,XR_Wiesbaden,twitter_only,,
Extinction Rebellion Würzburg,,,XR_Wuerzburg,twitter_only,,
Extinction Rebellion York,,,XR_York,twitter_only,,
Extinction Rebellion Zwickau,,,XR_Zwickau,twitter_only,,
XR Abergavenny,,,XRAbergavenny,twitter_only,,
Extinction Rebellion Afghanistan,,,xrafghanistan,twitter_only,,
XR Antofagasta,,,XRAntofagasta,twitter_only,,
Extiction Rebellion Antwerp,,,XRAntwerp,twitter_only,,
Extinction Rebellion Asturies,,,XRAsturies,twitter_only,,
extinctionrebellionathlone,,,xrathlone,twitter_only,,
Extinction Rebellion Audomarois,,,XRAudomarois,twitter_only,,
Extinction Rebellion Augsburg,,,XRAugsburg,twitter_only,,
XR ATX 🐝⏳☀️🌲🦏🐟,,,xraustin,twitter_only,,
Rebel·lió o extinció Badalona 🌍🌡️💀,,,XRBadalona,twitter_only,,
Extinction Rebellion Baltimore,,,XRBaltimore,twitter_only,,
Extinction Rebellion Banbury,,,XRBanbury,twitter_only,,
Extinction Rebellion Bath 🌍,,,XRBath,twitter_only,,
XR BC&C,,,XRBCC1,twitter_only,,
XR in Bedfordshire,,,XRBedfordshire,twitter_only,,
Extinction Rebellion Besançon,,,xrbesancon,twitter_only,,
Extinction Rebellion Bexley,,,XRBexley,twitter_only,,
Extinction Rebellion Birmingham,,,xrbham,twitter_only,,
Extinction Rebellion BCP,,,xrBmthXchPoole,twitter_only,,
Extinction Rebellion MA 🐝⌛🦋,,,XRboston,twitter_only,,
Extinction Rebellion Boulder,,,XRBoulder,twitter_only,,
Extinction Rebellion Bradford & District,,,XRBradford,twitter_only,,
Extinction Rebellion Braunschweig ⏳🌍,,,xrBraunschweig,twitter_only,,
Extinction Rebellion Brent 🌍🕊💚 (London),,,XRBrentLondon,twitter_only,,
Extinction Rebellion Bridgwater,,,XRBridgwater,twitter_only,,
Extinction Rebellion Brighton (⧖),,,XRBrighton,twitter_only,,
XR Rose Bruford,,,XRBruford,twitter_only,,
Extinction Rebellion BSL,,,xrbsl,twitter_only,,
Extinction Rebellion Bulgaria,,,XRBulgaria,twitter_only,,
XRCaerdydd,,,XRCaerdydd,twitter_only,,
Extinction Rebellion Caerphilly,,,XRCaerphilly,twitter_only,,
XR Calama,,,XRCalama,twitter_only,,
XRCalderdale,,,XRCalderdale,twitter_only,,
Extinction Rebellion Camden,,,XRCamden,twitter_only,,
Extinction Rebellion Canterbury,,,XRCanterbury,twitter_only,,
@XRCardiff,,,XRCardiff,twitter_only,,
Extinction Rebellion Cardiff Students,,,XRCardiffStu,twitter_only,,
XRCastellón,,,XRCastellon,twitter_only,,
XR Chapelboro,,,XRChapelboro,twitter_only,,
XR Charlbury,,,XRCharlbury,twitter_only,,
Extinction Rebellion Cheetahs,,,XRCheetahs,twitter_only,,
Extinction Rebellion Chelmsford,,,XRChelmsford,twitter_only,,
Extinction Rebellion Cheltenham,,,XRCheltenham,twitter_only,,
Chew Valley Extinction Rebellion,,,XrChew,twitter_only,,
Extinction Rebellion Chippenham,,,XRChippenham,twitter_only,,
XR Clean Up Your Act,,,xrCleanYourAct,twitter_only,,
XR Colchester,,,xrcolchester,twitter_only,,
XR Comic Science 🎨👩‍🎓💚,,,xrcomicscience,twitter_only,,
Extinction Rebellion Cork,,,xrcorcaigh,twitter_only,,
Extinction Rebellion Coventry,,,XRCoventry,twitter_only,,
Extinction Rebellion Croydon 🌍,,,XRCroydon,twitter_only,,
XR Cymraeg,,,XRCymraeg,twitter_only,,
Extinction Rebellion CZ,,,XRczech,twitter_only,,
Extinction Rebellion Daventry,,,XRDaventry,twitter_only,,
XRDelhi,,,XRDELHI,twitter_only,,
XR #ThreeDemandsBill,,,XRdemandsbill,twitter_only,,
XR Devizes & Marlborough ⏳,,,XRDevizesMarl,twitter_only,,
eXtinction Rebellion Didsbury,,,XRDidsbury,twitter_only,,
XR Disabled Rebels,,,XRDisabledRebel,twitter_only,,
Extinction Rebellion Dorking,,,xrdorking,twitter_only,,
Extinction Rebellion Dundee,,,XRDundee,twitter_only,,
"Extinction Rebellion Durham, NC USA 💚🌎🕊️",,,XrDurham,twitter_only,,
Extinction Rebellion Ealing,,,XREaling,twitter_only,,
XRBurningEarth,,,XRearth,twitter_only,,
XREastbourne,,,XREastbourne,twitter_only,,
XR East Herts,,,XREastHerts,twitter_only,,
xratlanta,,,xrebelatl,twitter_only,,
Extinction Rebellion Hamburg,,,xrebellion_hh,twitter_only,,
Extinction Rebellion Sri Lanka,,,XRebellionLK,twitter_only,,
XR Educators,,,XREducators,twitter_only,,
XR Elmbridge,,,XRElmbridge,twitter_only,,
Extinction Rebellion Evesham,,,XrEvesham,twitter_only,,
Extinction Rebellion Exeter,,,XRExeter,twitter_only,,
XR Familien | DE,,,XRFamilien_DE,twitter_only,,
Extinction Rebellion Families,,,XRFamilies,twitter_only,,
Extinction Rebellion Farmers,,,XRFarmers,twitter_only,,
Franck XR,,,XrFranck,twitter_only,,
Extinction Rebellion Frankfurt,,,xrfrankfurt,twitter_only,,
XRGaliza,,,XRGaliza,twitter_only,,
Extinction Rebellion Galway,,,XRGalway,twitter_only,,
Extinction Rebellion Gauteng,,,XRGauteng,twitter_only,,
Extinction Rebellion Geeks,,,xrgeeks,twitter_only,,
Rebel·lió o Extinció Girona,,,XRGirona,twitter_only,,
Extinction Rebellion Gloucester,,,XRGloucester,twitter_only,,
Extinction Rebellion Granada,,,XRGranada,twitter_only,,
XR Gravesham & Dartford,,,xrgravesham,twitter_only,,
Extinction Rebellion Groningen,,,xrgroningen,twitter_only,,
Extinction Rebellion Hackney,,,XRHackney,twitter_only,,
Extinction Rebellion Hamilton,,,XRHamont,twitter_only,,
Extinction Rebellion Haringey,,,XRHaringey,twitter_only,,
Extinction Rebellion Harrow 🌍🌡⌛ ☠🌹💚🐝,,,XRHarrow,twitter_only,,
Extinction Rebellion Havering,,,XRHavering,twitter_only,,
Healthcare students for XR,,,XRHealthstudnts,twitter_only,,
XRHenley,,,XrHenley,twitter_only,,
@XRHereford,,,xrhereford,twitter_only,,
Extinction Rebellion Hillingdon,,,XRHillingdon_,twitter_only,,
Extinction Rebellion Hounslow,,,XRHounslow,twitter_only,,
XR Hastings & St Leonards 🌍,,,XRHSL,twitter_only,,
Extinction Rebellion Huddersfield,,,xrhuddersfield,twitter_only,,
Extinction Rebellion Huddersfield,,,XRHudds,twitter_only,,
xrhulluni,,,xrhulluni,twitter_only,,
Extinction Rebellion Magyarország,,,xrhungary,twitter_only,,
ExtinctionR Huntingdon,,,XRHuntingdon,twitter_only,,
Extinction Rebellion Ibiza,,,XRIbiza,twitter_only,,
Extinction Rebellion Indonesia 🇮🇩,,,XRIndonesia,twitter_only,,
Extinction Rebellion Isle of Wight,,,xriow,twitter_only,,
XR Ipswich,,,XRIpswich,twitter_only,,
XR-Islington 🌍,,,XRIslington,twitter_only,,
Extinction Rebellion Ithaca,,,XRIthaca,twitter_only,,
Extinction Rebellion Jaén,,,xrjaen,twitter_only,,
XRJews,,,XrJews,twitter_only,,
xrkentcounty,,,xrkentcounty,twitter_only,,
EXTINCTION REBELLION KENYA 🌍,,,XRKenya,twitter_only,,
XRKettering,,,XRKettering,twitter_only,,
Extinction Rebellion Klimacamp,,,XRKlimacamp,twitter_only,,
XR Konstanz,,,XRKonstanz,twitter_only,,
Extinction Rebellion Lambeth 🐝,,,XRLambeth,twitter_only,,
Extinction Rebellion Lancaster,,,XrLancaster,twitter_only,,
Extinction Rebellion Landau,,,XRLandau,twitter_only,,
Extinction Rebellion Las Palmas,,,XRLasPalmas,twitter_only,,
XR La Unión,,,XRLaUnion,twitter_only,,
Extinction Rebellion Lausanne,,,xrlausanne,twitter_only,,
LawyersforXR,,,XRlawyers,twitter_only,,
Extinction Rebellion Leeds,,,XRLeeds,twitter_only,,
XRLeicester,,,XrLeicester,twitter_only,,
Extinction Rebellion Leiden,,,XrLeiden,twitter_only,,
XR Leipzig,,,XRLeipzig,twitter_only,,
XRLewes,,,XrLewes,twitter_only,,
Extinction Rebellion Lewisham,,,XRLewisham,twitter_only,,
XRLiege,,,xrliege,twitter_only,,
XR Youth Lincoln,,,XrLincoln,twitter_only,,
Extinction Rebellion Lincolnshire ✊,,,XRLincolnshire,twitter_only,,
Extinction Rebellion Liverpool,,,XRLiverpool,twitter_only,,
Extinction Rebellion London,,,XRLondon,twitter_only,,
Extinction Rebellion Longmont,,,XRLongmont,twitter_only,,
Extinction Rebellion Lüneburg,,,XRLueneburg,twitter_only,,
Extinction Rebellion Luton,,,xrluton,twitter_only,,
XR Luton Youth,,,XRLutonYouth,twitter_only,,
XR Luzern,,,XRLuzern,twitter_only,,
Extinction Rebellion Magdeburg,,,XRMagdeburg,twitter_only,,
Extinction Rebellion Mainz,,,XrMainz,twitter_only,,
Extinction Rebellion Mallorca,,,XRMallorca,twitter_only,,
Extinction Rebellion Marlow,,,XrMarlow,twitter_only,,
XRMCR-Youth,,,XRMCRYOUTH,twitter_only,,
XR Merton ⏳,,,XRMerton,twitter_only,,
Extinction Rebellion Metz 🦋,,,XRMetz,twitter_only,,
Extinction Rebellion México,,,xrmexico,twitter_only,,
XR Münster,,,XrMuenster,twitter_only,,
Extinction Rebellion Muslims ☪️⏳🐝🌿,,,XRmuslims,twitter_only,,
XRN Trondheim,,,XRN_Trondheim,twitter_only,,
Extinction Rebellion Nairobi,,,XRNairobi,twitter_only,,
XR Nantes,,,XRNantes,twitter_only,,
Extinction Rebellion North Carolina,,,XRNCChapter,twitter_only,,
XRNE,,,XRNE_UK,twitter_only,,
XRNewark&Sherwood,,,XRNewark,twitter_only,,
XRNewEngland,,,XRNewEngland,twitter_only,,
Extinction Rebellion Nicaragua,,,xrnicaragua,twitter_only,,
XR Northampton 👞,,,XRNorthampton,twitter_only,,
Extinction Rebellion Nottingham 🏹🌳🌍,,,XrNottingham,twitter_only,,
Extinction Rebellion NS 🇨🇦,,,XRNovaScotia,twitter_only,,
Extinction Rebellion Neath Port Talbot,,,XRNPT,twitter_only,,
Extinction Rebellion NSW,,,xrnsw,twitter_only,,
Extinction Rebellion Oldenburg,,,XROldenburg,twitter_only,,
Extinction Rebellion Ottawa,,,XROttawa,twitter_only,,
Extinction Rebellion Padova,,,xrpadova,twitter_only,,
Extinction Rebellion Pakistan,,,xrpakistan,twitter_only,,
Extinction Rebellion Peace,,,XRPeaceUK,twitter_only,,
XR Peterborough,,,XRPeterborough,twitter_only,,
XRPetersfield,,,xrpetersfield,twitter_only,,
Extinction Rebellion Pittsburgh,,,XRPittsburgh,twitter_only,,
Extinction Rebellion Polska,,,XRPolska,twitter_only,,
Extinction Rebellion Pontefract,,,XRPontefract01,twitter_only,,
XRPontevedra,,,XRPontevedra,twitter_only,,
Extinction Rebellion Portsmouth,,,XRPortsmouth,twitter_only,,
XRPreston,,,XrPreston,twitter_only,,
XR Psychologists,,,XRPsychologists,twitter_only,,
Extinction Rebellion Puerto Escondido,,,XRPtoEscondido,twitter_only,,
XR Puerto Montt,,,XRPtoMontt,twitter_only,,
Extinction Rebellion Purbeck,,,XRPurbeck,twitter_only,,
XRQUEBEC,,,XRQUEBEC,twitter_only,,
XR Writers Rebel,,,XrRebel,twitter_only,,
XR Rebel Every Day,,,XRRebelEveryDay,twitter_only,,
Extinction Rebellion Rebel Riders,,,XRRebelRiders,twitter_only,,
XR Regenerative Culture 🌍,,,xrregenerative,twitter_only,,
Extinction Rebellion Rennes,,,xrRennes,twitter_only,,
XR Richmond VA,,,XrRichmond,twitter_only,,
XR Rochester,,,XRrochester,twitter_only,,
Extinction Rebellion Rostock 🌾⌛️✊🦀,,,xrRostock,twitter_only,,
XR Saarbrücken,,,xrsaar,twitter_only,,
XR San Diego,,,xrsandiego,twitter_only,,
Extinction Rebellion Switzerland,,,xrSchweiz,twitter_only,,
XR Scottish Borders,,,XRScotBorders,twitter_only,,
XRSeattle,,,XRSeattle,twitter_only,,
Salmorejo Rebelde - Extinction Rebellion Sevilla,,,XRSevilla,twitter_only,,
Extinction Rebellion SF Bay Area,,,xrsfbay,twitter_only,,
Extinction Rebellion Sheffield,,,XRShef,twitter_only,,
webXRShrewsbury,,,XRShrewsburyWeb,twitter_only,,
xrshrewsburyyouth,,,xrshrewsyouth,twitter_only,,
Extinction Rebellion Siegen,,,XRSiegen,twitter_only,,
xrskane 💚🦋⌛️,,,xrskane,twitter_only,,
Extinction Rebellion - Skipton & the Dales,,,xrskiptondales,twitter_only,,
XR-South Lakes,,,XRSL4,twitter_only,,
XR Slough 🌍✊🏿🌎✊🏽🌏✊🏻,,,XRSlough,twitter_only,,
XRSM4,,,XRSM4,twitter_only,,
XRSouthAustralia,,,XRSouthAus,twitter_only,,
XR South Dartmoor,,,XRSouthDartmoor,twitter_only,,
Extinction Rebellion Southend,,,XRSouthend,twitter_only,,
XR Southwark Community Library,,,XRSouthwarkLib,twitter_only,,
XR South West Britain,,,XRSouthWest,twitter_only,,
XR Stafford,,,XrStafford,twitter_only,,
Extinction Rebellion Stirling,,,XrStirling,twitter_only,,
🌻XR Stratford-Upon-Avon 🌻,,,XRStratford,twitter_only,,
Extinction Rebellion Suffolk Sunrise,,,XRSuffolk_Sun,twitter_only,,
Extinction Rebellion Sutton 🐝,,,XRSutton,twitter_only,,
xrswansea,,,xrswansea,twitter_only,,
Extinction Rebellion Swindon,,,XRSwindon,twitter_only,,
Extinction Rebellion Sydney,,,XRSyd,twitter_only,,
Extinction Rebellion Szczecin,,,XRSzczecin,twitter_only,,
XRTacoma,,,XrTacoma,twitter_only,,
XR Talca,,,XRTalca,twitter_only,,
Extinction Rebellion Taunton,,,XRTaunton,twitter_only,,
XR Araucanía,,,XRTemuco,twitter_only,,
XR The Beacon,,,XRTheBeacon,twitter_only,,
Extinction Rebellion The Hague,,,XRTheHague,twitter_only,,
@XRToledo,,,xrtoledo,twitter_only,,
Extinction Rebellion Totnes,,,XRTotnes,twitter_only,,
XR Tower Hamlets ⧖⃝,,,XRTowerHamlets,twitter_only,,
Extinction Rebellion Trafford,,,XRTrafford,twitter_only,,
Extinction rebellion Uganda🌏💚,,,xruganda,twitter_only,,
Extinction Rebellion Ulm,,,XRUlm,twitter_only,,
Extinction Rebellion Universities UK,,,XRUniversities,twitter_only,,
Extinction Rebellion Utrecht,,,XRUtrecht,twitter_only,,
XR Valdivia,,,XRValdivia,twitter_only,,
xrvalledebravo,,,xrvalledebravo,twitter_only,,
Extinction Rebellion,,,xrvalpo,twitter_only,,
Extinction Rebellion Vancouver,,,XRVancouverBC,twitter_only,,
XR Wageningen,,,XRWageningen,twitter_only,,
Extinction Rebellion Waltham Forest,,,XRWalthamForest,twitter_only,,
XR Warrington,,,XRWarrington,twitter_only,,
XR Kitchener-Waterloo,,,XRWaterloo,twitter_only,,
XR Wellingborough,,,XRWboro,twitter_only,,
Extinction Rebellion Wearside,,,XRWearside,twitter_only,,
XRWestCornwall,,,XrWest,twitter_only,,
Extinction Rebellion Westminster,,,XRWestminster,twitter_only,,
XRWhitehall,,,XRWhitehall,twitter_only,,
Extinction Rebellion Wimborne,,,XRWimborne,twitter_only,,
ExtinctionRebellionZA_Winelands,,,xrwinelands,twitter_only,,
XR Worthing,,,XRWorthing,twitter_only,,
Extinction Rebellion Weston-super-Mare,,,xrwsm,twitter_only,,
Extinction Rebellion Wuppertal,,,xrwuppertal,twitter_only,,
XR Youth West Norfolk,,,xry_westnorfolk,twitter_only,,
XR Youth Belgium,,,xrybelgium,twitter_only,,
XR Youth Ireland,,,XRYIreland,twitter_only,,
Extinction Rebellion Yorkshire,,,XRYorkshire,twitter_only,,
Extinction Rebellion Youth,,,XrYouth,twitter_only,,
XR Youth Boston,,,XRYouthBoston,twitter_only,,
XR Youth Bristol ⏳,,,xryouthbristol,twitter_only,,
XR Youth Cambridge 🌍,,,xryouthcambs,twitter_only,,
Extinction Rebellion Youth Cornwall,,,xryouthcornwall,twitter_only,,
XR Youth DC ⧖⃝,,,xryouthdc,twitter_only,,
xryouth_hamburg,,,XryouthH,twitter_only,,
XR youth HERTS,,,xryouthherts,twitter_only,,
XRYouth_NorthEast,,,XryouthN,twitter_only,,
Extinction Rebellion Youth Philadelphia,,,xryouthphilly,twitter_only,,
XRY ROCKLAND,,,xryouthrockland,twitter_only,,
XR Youth US,,,xryouthus,twitter_only,,
XR Youth SE London,,,XRYSELondon,twitter_only,,
Extinction Rebellion Youth Somerset,,,XRYSomerset,twitter_only,,
Extinction Rebellion Zaragoza,,,xrzaragoza,twitter_only,,
Extinction Rebellion Zimbabwe,,,XRZimbabwe,twitter_only,,
Extinction Rebellion Zürich,,,XRZurich,twitter_only,,
XR Youth Germany,,,youth_xr,twitter_only,,
